{
  "metadata": {
    "memory_estimate_kb": 0.8984375
  },
  "results": {
    "state_creation": {
      "count": 1,
      "mean_ms": 0.00031989999843062833,
      "median_ms": 0.00031989999843062833,
      "min_ms": 0.00031989999843062833,
      "max_ms": 0.00031989999843062833,
      "std_ms": 0.0,
      "p95_ms": 0.00031989999843062833,
      "p99_ms": 0.00031989999843062833
    },
    "state_transform": {
      "count": 1,
      "mean_ms": 0.0008441999962087721,
      "median_ms": 0.0008441999962087721,
      "min_ms": 0.0008441999962087721,
      "max_ms": 0.0008441999962087721,
      "std_ms": 0.0,
      "p95_ms": 0.0008441999962087721,
      "p99_ms": 0.0008441999962087721
    },
    "pattern_recognition": {
      "count": 1,
      "mean_ms": 0.00023799999326001853,
      "median_ms": 0.00023799999326001853,
      "min_ms": 0.00023799999326001853,
      "max_ms": 0.00023799999326001853,
      "std_ms": 0.0,
      "p95_ms": 0.00023799999326001853,
      "p99_ms": 0.00023799999326001853
    },
    "context_evolution": {
      "count": 1,
      "mean_ms": 0.0005982000002404675,
      "median_ms": 0.0005982000002404675,
      "min_ms": 0.0005982000002404675,
      "max_ms": 0.0005982000002404675,
      "std_ms": 0.0,
      "p95_ms": 0.0005982000002404675,
      "p99_ms": 0.0005982000002404675
    },
    "bridge_transfer": {
      "count": 1,
      "mean_ms": 0.009450000012293458,
      "median_ms": 0.009450000012293458,
      "min_ms": 0.009450000012293458,
      "max_ms": 0.009450000012293458,
      "std_ms": 0.0,
      "p95_ms": 0.009450000012293458,
      "p99_ms": 0.009450000012293458
    },
    "sensory_processing": {
      "count": 1,
      "mean_ms": 0.005520500002603512,
      "median_ms": 0.005520500002603512,
      "min_ms": 0.005520500002603512,
      "max_ms": 0.005520500002603512,
      "std_ms": 0.0,
      "p95_ms": 0.005520500002603512,
      "p99_ms": 0.005520500002603512
    },
    "full_pipeline": {
      "count": 1,
      "mean_ms": 0.012043999959132634,
      "median_ms": 0.012043999959132634,
      "min_ms": 0.012043999959132634,
      "max_ms": 0.012043999959132634,
      "std_ms": 0.0,
      "p95_ms": 0.012043999959132634,
      "p99_ms": 0.012043999959132634
    },
    "version_evolution": {
      "count": 1,
      "mean_ms": 0.0006560000474564731,
      "median_ms": 0.0006560000474564731,
      "min_ms": 0.0006560000474564731,
      "max_ms": 0.0006560000474564731,
      "std_ms": 0.0,
      "p95_ms": 0.0006560000474564731,
      "p99_ms": 0.0006560000474564731
    }
  }
}