{
  "state_creation": {
    "count": 1,
    "mean_ms": 0.0004030999989481643,
    "median_ms": 0.0004030999989481643,
    "min_ms": 0.0004030999989481643,
    "max_ms": 0.0004030999989481643,
    "std_ms": 0.0,
    "p95_ms": 0.0004030999989481643,
    "p99_ms": 0.0004030999989481643
  },
  "state_transform": {
    "count": 1,
    "mean_ms": 0.0010567999997874722,
    "median_ms": 0.0010567999997874722,
    "min_ms": 0.0010567999997874722,
    "max_ms": 0.0010567999997874722,
    "std_ms": 0.0,
    "p95_ms": 0.0010567999997874722,
    "p99_ms": 0.0010567999997874722
  },
  "pattern_recognition": {
    "count": 1,
    "mean_ms": 0.00026100002287421376,
    "median_ms": 0.00026100002287421376,
    "min_ms": 0.00026100002287421376,
    "max_ms": 0.00026100002287421376,
    "std_ms": 0.0,
    "p95_ms": 0.00026100002287421376,
    "p99_ms": 0.00026100002287421376
  },
  "context_evolution": {
    "count": 1,
    "mean_ms": 0.000749400001950562,
    "median_ms": 0.000749400001950562,
    "min_ms": 0.000749400001950562,
    "max_ms": 0.000749400001950562,
    "std_ms": 0.0,
    "p95_ms": 0.000749400001950562,
    "p99_ms": 0.000749400001950562
  },
  "bridge_transfer": {
    "count": 1,
    "mean_ms": 0.00951340000028722,
    "median_ms": 0.00951340000028722,
    "min_ms": 0.00951340000028722,
    "max_ms": 0.00951340000028722,
    "std_ms": 0.0,
    "p95_ms": 0.00951340000028722,
    "p99_ms": 0.00951340000028722
  },
  "sensory_processing": {
    "count": 1,
    "mean_ms": 0.005876300005184021,
    "median_ms": 0.005876300005184021,
    "min_ms": 0.005876300005184021,
    "max_ms": 0.005876300005184021,
    "std_ms": 0.0,
    "p95_ms": 0.005876300005184021,
    "p99_ms": 0.005876300005184021
  },
  "full_pipeline": {
    "count": 1,
    "mean_ms": 0.01399299995682668,
    "median_ms": 0.01399299995682668,
    "min_ms": 0.01399299995682668,
    "max_ms": 0.01399299995682668,
    "std_ms": 0.0,
    "p95_ms": 0.01399299995682668,
    "p99_ms": 0.01399299995682668
  },
  "version_evolution": {
    "count": 1,
    "mean_ms": 0.00047200010158121586,
    "median_ms": 0.00047200010158121586,
    "min_ms": 0.00047200010158121586,
    "max_ms": 0.00047200010158121586,
    "std_ms": 0.0,
    "p95_ms": 0.00047200010158121586,
    "p99_ms": 0.00047200010158121586
  }
}