{
  "state_creation": {
    "count": 1,
    "mean_ms": 0.00032559999817749485,
    "median_ms": 0.00032559999817749485,
    "min_ms": 0.00032559999817749485,
    "max_ms": 0.00032559999817749485,
    "std_ms": 0.0,
    "p95_ms": 0.00032559999817749485,
    "p99_ms": 0.00032559999817749485
  },
  "state_transform": {
    "count": 1,
    "mean_ms": 0.0009033999958774075,
    "median_ms": 0.0009033999958774075,
    "min_ms": 0.0009033999958774075,
    "max_ms": 0.0009033999958774075,
    "std_ms": 0.0,
    "p95_ms": 0.0009033999958774075,
    "p99_ms": 0.0009033999958774075
  },
  "pattern_recognition": {
    "count": 1,
    "mean_ms": 0.00029299997549969703,
    "median_ms": 0.00029299997549969703,
    "min_ms": 0.00029299997549969703,
    "max_ms": 0.00029299997549969703,
    "std_ms": 0.0,
    "p95_ms": 0.00029299997549969703,
    "p99_ms": 0.00029299997549969703
  },
  "context_evolution": {
    "count": 1,
    "mean_ms": 0.0007351999956881627,
    "median_ms": 0.0007351999956881627,
    "min_ms": 0.0007351999956881627,
    "max_ms": 0.0007351999956881627,
    "std_ms": 0.0,
    "p95_ms": 0.0007351999956881627,
    "p99_ms": 0.0007351999956881627
  },
  "bridge_transfer": {
    "count": 1,
    "mean_ms": 0.014927600001101382,
    "median_ms": 0.014927600001101382,
    "min_ms": 0.014927600001101382,
    "max_ms": 0.014927600001101382,
    "std_ms": 0.0,
    "p95_ms": 0.014927600001101382,
    "p99_ms": 0.014927600001101382
  },
  "sensory_processing": {
    "count": 1,
    "mean_ms": 0.005621600001177285,
    "median_ms": 0.005621600001177285,
    "min_ms": 0.005621600001177285,
    "max_ms": 0.005621600001177285,
    "std_ms": 0.0,
    "p95_ms": 0.005621600001177285,
    "p99_ms": 0.005621600001177285
  },
  "full_pipeline": {
    "count": 1,
    "mean_ms": 0.019839000015053898,
    "median_ms": 0.019839000015053898,
    "min_ms": 0.019839000015053898,
    "max_ms": 0.019839000015053898,
    "std_ms": 0.0,
    "p95_ms": 0.019839000015053898,
    "p99_ms": 0.019839000015053898
  },
  "version_evolution": {
    "count": 1,
    "mean_ms": 0.0005760000203736126,
    "median_ms": 0.0005760000203736126,
    "min_ms": 0.0005760000203736126,
    "max_ms": 0.0005760000203736126,
    "std_ms": 0.0,
    "p95_ms": 0.0005760000203736126,
    "p99_ms": 0.0005760000203736126
  }
}