{
  "state_creation": {
    "count": 1,
    "mean_ms": 0.0002660000027390197,
    "median_ms": 0.0002660000027390197,
    "min_ms": 0.0002660000027390197,
    "max_ms": 0.0002660000027390197,
    "std_ms": 0.0,
    "p95_ms": 0.0002660000027390197,
    "p99_ms": 0.0002660000027390197
  },
  "state_transform": {
    "count": 1,
    "mean_ms": 0.001222599996253848,
    "median_ms": 0.001222599996253848,
    "min_ms": 0.001222599996253848,
    "max_ms": 0.001222599996253848,
    "std_ms": 0.0,
    "p95_ms": 0.001222599996253848,
    "p99_ms": 0.001222599996253848
  },
  "pattern_recognition": {
    "count": 1,
    "mean_ms": 0.0003920000744983554,
    "median_ms": 0.0003920000744983554,
    "min_ms": 0.0003920000744983554,
    "max_ms": 0.0003920000744983554,
    "std_ms": 0.0,
    "p95_ms": 0.0003920000744983554,
    "p99_ms": 0.0003920000744983554
  },
  "context_evolution": {
    "count": 1,
    "mean_ms": 0.0009627999970689416,
    "median_ms": 0.0009627999970689416,
    "min_ms": 0.0009627999970689416,
    "max_ms": 0.0009627999970689416,
    "std_ms": 0.0,
    "p95_ms": 0.0009627999970689416,
    "p99_ms": 0.0009627999970689416
  },
  "bridge_transfer": {
    "count": 1,
    "mean_ms": 0.014774800016311929,
    "median_ms": 0.014774800016311929,
    "min_ms": 0.014774800016311929,
    "max_ms": 0.014774800016311929,
    "std_ms": 0.0,
    "p95_ms": 0.014774800016311929,
    "p99_ms": 0.014774800016311929
  },
  "sensory_processing": {
    "count": 1,
    "mean_ms": 0.005688000004738569,
    "median_ms": 0.005688000004738569,
    "min_ms": 0.005688000004738569,
    "max_ms": 0.005688000004738569,
    "std_ms": 0.0,
    "p95_ms": 0.005688000004738569,
    "p99_ms": 0.005688000004738569
  },
  "full_pipeline": {
    "count": 1,
    "mean_ms": 0.01663100003497675,
    "median_ms": 0.01663100003497675,
    "min_ms": 0.01663100003497675,
    "max_ms": 0.01663100003497675,
    "std_ms": 0.0,
    "p95_ms": 0.01663100003497675,
    "p99_ms": 0.01663100003497675
  },
  "version_evolution": {
    "count": 1,
    "mean_ms": 0.000405999890062958,
    "median_ms": 0.000405999890062958,
    "min_ms": 0.000405999890062958,
    "max_ms": 0.000405999890062958,
    "std_ms": 0.0,
    "p95_ms": 0.000405999890062958,
    "p99_ms": 0.000405999890062958
  }
}