{
  "metadata": {
    "memory_estimate_kb": 0.8984375
  },
  "results": {
    "state_creation": {
      "count": 1,
      "mean_ms": 0.0003077000001212582,
      "median_ms": 0.0003077000001212582,
      "min_ms": 0.0003077000001212582,
      "max_ms": 0.0003077000001212582,
      "std_ms": 0.0,
      "p95_ms": 0.0003077000001212582,
      "p99_ms": 0.0003077000001212582
    },
    "state_transform": {
      "count": 1,
      "mean_ms": 0.0008774000016273931,
      "median_ms": 0.0008774000016273931,
      "min_ms": 0.0008774000016273931,
      "max_ms": 0.0008774000016273931,
      "std_ms": 0.0,
      "p95_ms": 0.0008774000016273931,
      "p99_ms": 0.0008774000016273931
    },
    "pattern_recognition": {
      "count": 1,
      "mean_ms": 0.0002980000135721639,
      "median_ms": 0.0002980000135721639,
      "min_ms": 0.0002980000135721639,
      "max_ms": 0.0002980000135721639,
      "std_ms": 0.0,
      "p95_ms": 0.0002980000135721639,
      "p99_ms": 0.0002980000135721639
    },
    "context_evolution": {
      "count": 1,
      "mean_ms": 0.0007509999995818362,
      "median_ms": 0.0007509999995818362,
      "min_ms": 0.0007509999995818362,
      "max_ms": 0.0007509999995818362,
      "std_ms": 0.0,
      "p95_ms": 0.0007509999995818362,
      "p99_ms": 0.0007509999995818362
    },
    "bridge_transfer": {
      "count": 1,
      "mean_ms": 0.01488559998688288,
      "median_ms": 0.01488559998688288,
      "min_ms": 0.01488559998688288,
      "max_ms": 0.01488559998688288,
      "std_ms": 0.0,
      "p95_ms": 0.01488559998688288,
      "p99_ms": 0.01488559998688288
    },
    "sensory_processing": {
      "count": 1,
      "mean_ms": 0.0064872000002651475,
      "median_ms": 0.0064872000002651475,
      "min_ms": 0.0064872000002651475,
      "max_ms": 0.0064872000002651475,
      "std_ms": 0.0,
      "p95_ms": 0.0064872000002651475,
      "p99_ms": 0.0064872000002651475
    },
    "full_pipeline": {
      "count": 1,
      "mean_ms": 0.01414500002283603,
      "median_ms": 0.01414500002283603,
      "min_ms": 0.01414500002283603,
      "max_ms": 0.01414500002283603,
      "std_ms": 0.0,
      "p95_ms": 0.01414500002283603,
      "p99_ms": 0.01414500002283603
    },
    "version_evolution": {
      "count": 1,
      "mean_ms": 0.000712000037310645,
      "median_ms": 0.000712000037310645,
      "min_ms": 0.000712000037310645,
      "max_ms": 0.000712000037310645,
      "std_ms": 0.0,
      "p95_ms": 0.000712000037310645,
      "p99_ms": 0.000712000037310645
    }
  }
}