{
  "metadata": {
    "memory_estimate_kb": 0.8984375
  },
  "results": {
    "state_creation": {
      "count": 1,
      "mean_ms": 0.00039430000470019877,
      "median_ms": 0.00039430000470019877,
      "min_ms": 0.00039430000470019877,
      "max_ms": 0.00039430000470019877,
      "std_ms": 0.0,
      "p95_ms": 0.00039430000470019877,
      "p99_ms": 0.00039430000470019877
    },
    "state_transform": {
      "count": 1,
      "mean_ms": 0.0008240000024670735,
      "median_ms": 0.0008240000024670735,
      "min_ms": 0.0008240000024670735,
      "max_ms": 0.0008240000024670735,
      "std_ms": 0.0,
      "p95_ms": 0.0008240000024670735,
      "p99_ms": 0.0008240000024670735
    },
    "pattern_recognition": {
      "count": 1,
      "mean_ms": 0.000242000023717992,
      "median_ms": 0.000242000023717992,
      "min_ms": 0.000242000023717992,
      "max_ms": 0.000242000023717992,
      "std_ms": 0.0,
      "p95_ms": 0.000242000023717992,
      "p99_ms": 0.000242000023717992
    },
    "context_evolution": {
      "count": 1,
      "mean_ms": 0.0007152000034693629,
      "median_ms": 0.0007152000034693629,
      "min_ms": 0.0007152000034693629,
      "max_ms": 0.0007152000034693629,
      "std_ms": 0.0,
      "p95_ms": 0.0007152000034693629,
      "p99_ms": 0.0007152000034693629
    },
    "bridge_transfer": {
      "count": 1,
      "mean_ms": 0.016561800002818927,
      "median_ms": 0.016561800002818927,
      "min_ms": 0.016561800002818927,
      "max_ms": 0.016561800002818927,
      "std_ms": 0.0,
      "p95_ms": 0.016561800002818927,
      "p99_ms": 0.016561800002818927
    },
    "sensory_processing": {
      "count": 1,
      "mean_ms": 0.006555500003742054,
      "median_ms": 0.006555500003742054,
      "min_ms": 0.006555500003742054,
      "max_ms": 0.006555500003742054,
      "std_ms": 0.0,
      "p95_ms": 0.006555500003742054,
      "p99_ms": 0.006555500003742054
    },
    "full_pipeline": {
      "count": 1,
      "mean_ms": 0.017368000044371,
      "median_ms": 0.017368000044371,
      "min_ms": 0.017368000044371,
      "max_ms": 0.017368000044371,
      "std_ms": 0.0,
      "p95_ms": 0.017368000044371,
      "p99_ms": 0.017368000044371
    },
    "version_evolution": {
      "count": 1,
      "mean_ms": 0.00041799998143687844,
      "median_ms": 0.00041799998143687844,
      "min_ms": 0.00041799998143687844,
      "max_ms": 0.00041799998143687844,
      "std_ms": 0.0,
      "p95_ms": 0.00041799998143687844,
      "p99_ms": 0.00041799998143687844
    }
  }
}