{
  "metadata": {
    "memory_estimate_kb": 0.8984375
  },
  "results": {
    "state_creation": {
      "count": 1,
      "mean_ms": 0.0006033000026945956,
      "median_ms": 0.0006033000026945956,
      "min_ms": 0.0006033000026945956,
      "max_ms": 0.0006033000026945956,
      "std_ms": 0.0,
      "p95_ms": 0.0006033000026945956,
      "p99_ms": 0.0006033000026945956
    },
    "state_transform": {
      "count": 1,
      "mean_ms": 0.001595399997313507,
      "median_ms": 0.001595399997313507,
      "min_ms": 0.001595399997313507,
      "max_ms": 0.001595399997313507,
      "std_ms": 0.0,
      "p95_ms": 0.001595399997313507,
      "p99_ms": 0.001595399997313507
    },
    "pattern_recognition": {
      "count": 1,
      "mean_ms": 0.0005059999966761097,
      "median_ms": 0.0005059999966761097,
      "min_ms": 0.0005059999966761097,
      "max_ms": 0.0005059999966761097,
      "std_ms": 0.0,
      "p95_ms": 0.0005059999966761097,
      "p99_ms": 0.0005059999966761097
    },
    "context_evolution": {
      "count": 1,
      "mean_ms": 0.0011994000087724999,
      "median_ms": 0.0011994000087724999,
      "min_ms": 0.0011994000087724999,
      "max_ms": 0.0011994000087724999,
      "std_ms": 0.0,
      "p95_ms": 0.0011994000087724999,
      "p99_ms": 0.0011994000087724999
    },
    "bridge_transfer": {
      "count": 1,
      "mean_ms": 0.016628199999104254,
      "median_ms": 0.016628199999104254,
      "min_ms": 0.016628199999104254,
      "max_ms": 0.016628199999104254,
      "std_ms": 0.0,
      "p95_ms": 0.016628199999104254,
      "p99_ms": 0.016628199999104254
    },
    "sensory_processing": {
      "count": 1,
      "mean_ms": 0.010363399997004308,
      "median_ms": 0.010363399997004308,
      "min_ms": 0.010363399997004308,
      "max_ms": 0.010363399997004308,
      "std_ms": 0.0,
      "p95_ms": 0.010363399997004308,
      "p99_ms": 0.010363399997004308
    },
    "full_pipeline": {
      "count": 1,
      "mean_ms": 0.021636999954353087,
      "median_ms": 0.021636999954353087,
      "min_ms": 0.021636999954353087,
      "max_ms": 0.021636999954353087,
      "std_ms": 0.0,
      "p95_ms": 0.021636999954353087,
      "p99_ms": 0.021636999954353087
    },
    "version_evolution": {
      "count": 1,
      "mean_ms": 0.0008800000068731606,
      "median_ms": 0.0008800000068731606,
      "min_ms": 0.0008800000068731606,
      "max_ms": 0.0008800000068731606,
      "std_ms": 0.0,
      "p95_ms": 0.0008800000068731606,
      "p99_ms": 0.0008800000068731606
    }
  }
}