{
  "state_creation": {
    "count": 1,
    "mean_ms": 0.0005287000021780841,
    "median_ms": 0.0005287000021780841,
    "min_ms": 0.0005287000021780841,
    "max_ms": 0.0005287000021780841,
    "std_ms": 0.0,
    "p95_ms": 0.0005287000021780841,
    "p99_ms": 0.0005287000021780841
  },
  "state_transform": {
    "count": 1,
    "mean_ms": 0.0013793999969493598,
    "median_ms": 0.0013793999969493598,
    "min_ms": 0.0013793999969493598,
    "max_ms": 0.0013793999969493598,
    "std_ms": 0.0,
    "p95_ms": 0.0013793999969493598,
    "p99_ms": 0.0013793999969493598
  },
  "pattern_recognition": {
    "count": 1,
    "mean_ms": 0.000382999969588127,
    "median_ms": 0.000382999969588127,
    "min_ms": 0.000382999969588127,
    "max_ms": 0.000382999969588127,
    "std_ms": 0.0,
    "p95_ms": 0.000382999969588127,
    "p99_ms": 0.000382999969588127
  },
  "context_evolution": {
    "count": 1,
    "mean_ms": 0.0009789999967324547,
    "median_ms": 0.0009789999967324547,
    "min_ms": 0.0009789999967324547,
    "max_ms": 0.0009789999967324547,
    "std_ms": 0.0,
    "p95_ms": 0.0009789999967324547,
    "p99_ms": 0.0009789999967324547
  },
  "bridge_transfer": {
    "count": 1,
    "mean_ms": 0.010554800006502774,
    "median_ms": 0.010554800006502774,
    "min_ms": 0.010554800006502774,
    "max_ms": 0.010554800006502774,
    "std_ms": 0.0,
    "p95_ms": 0.010554800006502774,
    "p99_ms": 0.010554800006502774
  },
  "sensory_processing": {
    "count": 1,
    "mean_ms": 0.011379600000509527,
    "median_ms": 0.011379600000509527,
    "min_ms": 0.011379600000509527,
    "max_ms": 0.011379600000509527,
    "std_ms": 0.0,
    "p95_ms": 0.011379600000509527,
    "p99_ms": 0.011379600000509527
  },
  "full_pipeline": {
    "count": 1,
    "mean_ms": 0.011825000001408625,
    "median_ms": 0.011825000001408625,
    "min_ms": 0.011825000001408625,
    "max_ms": 0.011825000001408625,
    "std_ms": 0.0,
    "p95_ms": 0.011825000001408625,
    "p99_ms": 0.011825000001408625
  },
  "version_evolution": {
    "count": 1,
    "mean_ms": 0.0005499999679159373,
    "median_ms": 0.0005499999679159373,
    "min_ms": 0.0005499999679159373,
    "max_ms": 0.0005499999679159373,
    "std_ms": 0.0,
    "p95_ms": 0.0005499999679159373,
    "p99_ms": 0.0005499999679159373
  }
}