{
  "metadata": {
    "memory_estimate_kb": 0.8984375
  },
  "results": {
    "state_creation": {
      "count": 1,
      "mean_ms": 0.00038889999996172264,
      "median_ms": 0.00038889999996172264,
      "min_ms": 0.00038889999996172264,
      "max_ms": 0.00038889999996172264,
      "std_ms": 0.0,
      "p95_ms": 0.00038889999996172264,
      "p99_ms": 0.00038889999996172264
    },
    "state_transform": {
      "count": 1,
      "mean_ms": 0.0009011999936774373,
      "median_ms": 0.0009011999936774373,
      "min_ms": 0.0009011999936774373,
      "max_ms": 0.0009011999936774373,
      "std_ms": 0.0,
      "p95_ms": 0.0009011999936774373,
      "p99_ms": 0.0009011999936774373
    },
    "pattern_recognition": {
      "count": 1,
      "mean_ms": 0.0002359999780310318,
      "median_ms": 0.0002359999780310318,
      "min_ms": 0.0002359999780310318,
      "max_ms": 0.0002359999780310318,
      "std_ms": 0.0,
      "p95_ms": 0.0002359999780310318,
      "p99_ms": 0.0002359999780310318
    },
    "context_evolution": {
      "count": 1,
      "mean_ms": 0.0006057999999029562,
      "median_ms": 0.0006057999999029562,
      "min_ms": 0.0006057999999029562,
      "max_ms": 0.0006057999999029562,
      "std_ms": 0.0,
      "p95_ms": 0.0006057999999029562,
      "p99_ms": 0.0006057999999029562
    },
    "bridge_transfer": {
      "count": 1,
      "mean_ms": 0.01121719999355264,
      "median_ms": 0.01121719999355264,
      "min_ms": 0.01121719999355264,
      "max_ms": 0.01121719999355264,
      "std_ms": 0.0,
      "p95_ms": 0.01121719999355264,
      "p99_ms": 0.01121719999355264
    },
    "sensory_processing": {
      "count": 1,
      "mean_ms": 0.005963399999018293,
      "median_ms": 0.005963399999018293,
      "min_ms": 0.005963399999018293,
      "max_ms": 0.005963399999018293,
      "std_ms": 0.0,
      "p95_ms": 0.005963399999018293,
      "p99_ms": 0.005963399999018293
    },
    "full_pipeline": {
      "count": 1,
      "mean_ms": 0.014767999964533374,
      "median_ms": 0.014767999964533374,
      "min_ms": 0.014767999964533374,
      "max_ms": 0.014767999964533374,
      "std_ms": 0.0,
      "p95_ms": 0.014767999964533374,
      "p99_ms": 0.014767999964533374
    },
    "version_evolution": {
      "count": 1,
      "mean_ms": 0.0005620000592898577,
      "median_ms": 0.0005620000592898577,
      "min_ms": 0.0005620000592898577,
      "max_ms": 0.0005620000592898577,
      "std_ms": 0.0,
      "p95_ms": 0.0005620000592898577,
      "p99_ms": 0.0005620000592898577
    }
  }
}