{
  "metadata": {
    "memory_estimate_kb": 0.8984375
  },
  "results": {
    "state_creation": {
      "count": 1,
      "mean_ms": 0.0004091000000698841,
      "median_ms": 0.0004091000000698841,
      "min_ms": 0.0004091000000698841,
      "max_ms": 0.0004091000000698841,
      "std_ms": 0.0,
      "p95_ms": 0.0004091000000698841,
      "p99_ms": 0.0004091000000698841
    },
    "state_transform": {
      "count": 1,
      "mean_ms": 0.0011747999997169245,
      "median_ms": 0.0011747999997169245,
      "min_ms": 0.0011747999997169245,
      "max_ms": 0.0011747999997169245,
      "std_ms": 0.0,
      "p95_ms": 0.0011747999997169245,
      "p99_ms": 0.0011747999997169245
    },
    "pattern_recognition": {
      "count": 1,
      "mean_ms": 0.00029799999992974335,
      "median_ms": 0.00029799999992974335,
      "min_ms": 0.00029799999992974335,
      "max_ms": 0.00029799999992974335,
      "std_ms": 0.0,
      "p95_ms": 0.00029799999992974335,
      "p99_ms": 0.00029799999992974335
    },
    "context_evolution": {
      "count": 1,
      "mean_ms": 0.0008770000004005851,
      "median_ms": 0.0008770000004005851,
      "min_ms": 0.0008770000004005851,
      "max_ms": 0.0008770000004005851,
      "std_ms": 0.0,
      "p95_ms": 0.0008770000004005851,
      "p99_ms": 0.0008770000004005851
    },
    "bridge_transfer": {
      "count": 1,
      "mean_ms": 0.007704199999352568,
      "median_ms": 0.007704199999352568,
      "min_ms": 0.007704199999352568,
      "max_ms": 0.007704199999352568,
      "std_ms": 0.0,
      "p95_ms": 0.007704199999352568,
      "p99_ms": 0.007704199999352568
    },
    "sensory_processing": {
      "count": 1,
      "mean_ms": 0.007938599999761209,
      "median_ms": 0.007938599999761209,
      "min_ms": 0.007938599999761209,
      "max_ms": 0.007938599999761209,
      "std_ms": 0.0,
      "p95_ms": 0.007938599999761209,
      "p99_ms": 0.007938599999761209
    },
    "full_pipeline": {
      "count": 1,
      "mean_ms": 0.010452000001350825,
      "median_ms": 0.010452000001350825,
      "min_ms": 0.010452000001350825,
      "max_ms": 0.010452000001350825,
      "std_ms": 0.0,
      "p95_ms": 0.010452000001350825,
      "p99_ms": 0.010452000001350825
    },
    "version_evolution": {
      "count": 1,
      "mean_ms": 0.0005340000006981427,
      "median_ms": 0.0005340000006981427,
      "min_ms": 0.0005340000006981427,
      "max_ms": 0.0005340000006981427,
      "std_ms": 0.0,
      "p95_ms": 0.0005340000006981427,
      "p99_ms": 0.0005340000006981427
    }
  }
}