{
  "state_creation": {
    "count": 1,
    "mean_ms": 0.00037119999615242705,
    "median_ms": 0.00037119999615242705,
    "min_ms": 0.00037119999615242705,
    "max_ms": 0.00037119999615242705,
    "std_ms": 0.0,
    "p95_ms": 0.00037119999615242705,
    "p99_ms": 0.00037119999615242705
  },
  "state_transform": {
    "count": 1,
    "mean_ms": 0.0009223999950336292,
    "median_ms": 0.0009223999950336292,
    "min_ms": 0.0009223999950336292,
    "max_ms": 0.0009223999950336292,
    "std_ms": 0.0,
    "p95_ms": 0.0009223999950336292,
    "p99_ms": 0.0009223999950336292
  },
  "pattern_recognition": {
    "count": 1,
    "mean_ms": 0.0003119999746559188,
    "median_ms": 0.0003119999746559188,
    "min_ms": 0.0003119999746559188,
    "max_ms": 0.0003119999746559188,
    "std_ms": 0.0,
    "p95_ms": 0.0003119999746559188,
    "p99_ms": 0.0003119999746559188
  },
  "context_evolution": {
    "count": 1,
    "mean_ms": 0.0005824000108987093,
    "median_ms": 0.0005824000108987093,
    "min_ms": 0.0005824000108987093,
    "max_ms": 0.0005824000108987093,
    "std_ms": 0.0,
    "p95_ms": 0.0005824000108987093,
    "p99_ms": 0.0005824000108987093
  },
  "bridge_transfer": {
    "count": 1,
    "mean_ms": 0.009367799997562543,
    "median_ms": 0.009367799997562543,
    "min_ms": 0.009367799997562543,
    "max_ms": 0.009367799997562543,
    "std_ms": 0.0,
    "p95_ms": 0.009367799997562543,
    "p99_ms": 0.009367799997562543
  },
  "sensory_processing": {
    "count": 1,
    "mean_ms": 0.007504799999878742,
    "median_ms": 0.007504799999878742,
    "min_ms": 0.007504799999878742,
    "max_ms": 0.007504799999878742,
    "std_ms": 0.0,
    "p95_ms": 0.007504799999878742,
    "p99_ms": 0.007504799999878742
  },
  "full_pipeline": {
    "count": 1,
    "mean_ms": 0.012693999960902147,
    "median_ms": 0.012693999960902147,
    "min_ms": 0.012693999960902147,
    "max_ms": 0.012693999960902147,
    "std_ms": 0.0,
    "p95_ms": 0.012693999960902147,
    "p99_ms": 0.012693999960902147
  },
  "version_evolution": {
    "count": 1,
    "mean_ms": 0.00048399990191683173,
    "median_ms": 0.00048399990191683173,
    "min_ms": 0.00048399990191683173,
    "max_ms": 0.00048399990191683173,
    "std_ms": 0.0,
    "p95_ms": 0.00048399990191683173,
    "p99_ms": 0.00048399990191683173
  }
}