{
  "metadata": {
    "memory_estimate_kb": 0.8984375
  },
  "results": {
    "state_creation": {
      "count": 1,
      "mean_ms": 0.00032389999978477135,
      "median_ms": 0.00032389999978477135,
      "min_ms": 0.00032389999978477135,
      "max_ms": 0.00032389999978477135,
      "std_ms": 0.0,
      "p95_ms": 0.00032389999978477135,
      "p99_ms": 0.00032389999978477135
    },
    "state_transform": {
      "count": 1,
      "mean_ms": 0.0008732000133022666,
      "median_ms": 0.0008732000133022666,
      "min_ms": 0.0008732000133022666,
      "max_ms": 0.0008732000133022666,
      "std_ms": 0.0,
      "p95_ms": 0.0008732000133022666,
      "p99_ms": 0.0008732000133022666
    },
    "pattern_recognition": {
      "count": 1,
      "mean_ms": 0.00025300003471784294,
      "median_ms": 0.00025300003471784294,
      "min_ms": 0.00025300003471784294,
      "max_ms": 0.00025300003471784294,
      "std_ms": 0.0,
      "p95_ms": 0.00025300003471784294,
      "p99_ms": 0.00025300003471784294
    },
    "context_evolution": {
      "count": 1,
      "mean_ms": 0.0005838000070070848,
      "median_ms": 0.0005838000070070848,
      "min_ms": 0.0005838000070070848,
      "max_ms": 0.0005838000070070848,
      "std_ms": 0.0,
      "p95_ms": 0.0005838000070070848,
      "p99_ms": 0.0005838000070070848
    },
    "bridge_transfer": {
      "count": 1,
      "mean_ms": 0.01141720000305213,
      "median_ms": 0.01141720000305213,
      "min_ms": 0.01141720000305213,
      "max_ms": 0.01141720000305213,
      "std_ms": 0.0,
      "p95_ms": 0.01141720000305213,
      "p99_ms": 0.01141720000305213
    },
    "sensory_processing": {
      "count": 1,
      "mean_ms": 0.005439300002763048,
      "median_ms": 0.005439300002763048,
      "min_ms": 0.005439300002763048,
      "max_ms": 0.005439300002763048,
      "std_ms": 0.0,
      "p95_ms": 0.005439300002763048,
      "p99_ms": 0.005439300002763048
    },
    "full_pipeline": {
      "count": 1,
      "mean_ms": 0.012732000031974167,
      "median_ms": 0.012732000031974167,
      "min_ms": 0.012732000031974167,
      "max_ms": 0.012732000031974167,
      "std_ms": 0.0,
      "p95_ms": 0.012732000031974167,
      "p99_ms": 0.012732000031974167
    },
    "version_evolution": {
      "count": 1,
      "mean_ms": 0.0005820000660605729,
      "median_ms": 0.0005820000660605729,
      "min_ms": 0.0005820000660605729,
      "max_ms": 0.0005820000660605729,
      "std_ms": 0.0,
      "p95_ms": 0.0005820000660605729,
      "p99_ms": 0.0005820000660605729
    }
  }
}