{
  "metadata": {
    "memory_estimate_kb": 0.8984375
  },
  "results": {
    "state_creation": {
      "count": 1,
      "mean_ms": 0.0003997000003437279,
      "median_ms": 0.0003997000003437279,
      "min_ms": 0.0003997000003437279,
      "max_ms": 0.0003997000003437279,
      "std_ms": 0.0,
      "p95_ms": 0.0003997000003437279,
      "p99_ms": 0.0003997000003437279
    },
    "state_transform": {
      "count": 1,
      "mean_ms": 0.0016451999981654808,
      "median_ms": 0.0016451999981654808,
      "min_ms": 0.0016451999981654808,
      "max_ms": 0.0016451999981654808,
      "std_ms": 0.0,
      "p95_ms": 0.0016451999981654808,
      "p99_ms": 0.0016451999981654808
    },
    "pattern_recognition": {
      "count": 1,
      "mean_ms": 0.00024900000425986946,
      "median_ms": 0.00024900000425986946,
      "min_ms": 0.00024900000425986946,
      "max_ms": 0.00024900000425986946,
      "std_ms": 0.0,
      "p95_ms": 0.00024900000425986946,
      "p99_ms": 0.00024900000425986946
    },
    "context_evolution": {
      "count": 1,
      "mean_ms": 0.0011952000022574794,
      "median_ms": 0.0011952000022574794,
      "min_ms": 0.0011952000022574794,
      "max_ms": 0.0011952000022574794,
      "std_ms": 0.0,
      "p95_ms": 0.0011952000022574794,
      "p99_ms": 0.0011952000022574794
    },
    "bridge_transfer": {
      "count": 1,
      "mean_ms": 0.010039199998573167,
      "median_ms": 0.010039199998573167,
      "min_ms": 0.010039199998573167,
      "max_ms": 0.010039199998573167,
      "std_ms": 0.0,
      "p95_ms": 0.010039199998573167,
      "p99_ms": 0.010039199998573167
    },
    "sensory_processing": {
      "count": 1,
      "mean_ms": 0.010138100000403938,
      "median_ms": 0.010138100000403938,
      "min_ms": 0.010138100000403938,
      "max_ms": 0.010138100000403938,
      "std_ms": 0.0,
      "p95_ms": 0.010138100000403938,
      "p99_ms": 0.010138100000403938
    },
    "full_pipeline": {
      "count": 1,
      "mean_ms": 0.01636700000744895,
      "median_ms": 0.01636700000744895,
      "min_ms": 0.01636700000744895,
      "max_ms": 0.01636700000744895,
      "std_ms": 0.0,
      "p95_ms": 0.01636700000744895,
      "p99_ms": 0.01636700000744895
    },
    "version_evolution": {
      "count": 1,
      "mean_ms": 0.0004239999907440506,
      "median_ms": 0.0004239999907440506,
      "min_ms": 0.0004239999907440506,
      "max_ms": 0.0004239999907440506,
      "std_ms": 0.0,
      "p95_ms": 0.0004239999907440506,
      "p99_ms": 0.0004239999907440506
    }
  }
}