{
  "metadata": {
    "memory_estimate_kb": 0.8984375
  },
  "results": {
    "state_creation": {
      "count": 1,
      "mean_ms": 0.0005516000019269995,
      "median_ms": 0.0005516000019269995,
      "min_ms": 0.0005516000019269995,
      "max_ms": 0.0005516000019269995,
      "std_ms": 0.0,
      "p95_ms": 0.0005516000019269995,
      "p99_ms": 0.0005516000019269995
    },
    "state_transform": {
      "count": 1,
      "mean_ms": 0.002443400000629481,
      "median_ms": 0.002443400000629481,
      "min_ms": 0.002443400000629481,
      "max_ms": 0.002443400000629481,
      "std_ms": 0.0,
      "p95_ms": 0.002443400000629481,
      "p99_ms": 0.002443400000629481
    },
    "pattern_recognition": {
      "count": 1,
      "mean_ms": 0.001004999976430554,
      "median_ms": 0.001004999976430554,
      "min_ms": 0.001004999976430554,
      "max_ms": 0.001004999976430554,
      "std_ms": 0.0,
      "p95_ms": 0.001004999976430554,
      "p99_ms": 0.001004999976430554
    },
    "context_evolution": {
      "count": 1,
      "mean_ms": 0.0016813999973237514,
      "median_ms": 0.0016813999973237514,
      "min_ms": 0.0016813999973237514,
      "max_ms": 0.0016813999973237514,
      "std_ms": 0.0,
      "p95_ms": 0.0016813999973237514,
      "p99_ms": 0.0016813999973237514
    },
    "bridge_transfer": {
      "count": 1,
      "mean_ms": 0.01668680000148015,
      "median_ms": 0.01668680000148015,
      "min_ms": 0.01668680000148015,
      "max_ms": 0.01668680000148015,
      "std_ms": 0.0,
      "p95_ms": 0.01668680000148015,
      "p99_ms": 0.01668680000148015
    },
    "sensory_processing": {
      "count": 1,
      "mean_ms": 0.009763300000486197,
      "median_ms": 0.009763300000486197,
      "min_ms": 0.009763300000486197,
      "max_ms": 0.009763300000486197,
      "std_ms": 0.0,
      "p95_ms": 0.009763300000486197,
      "p99_ms": 0.009763300000486197
    },
    "full_pipeline": {
      "count": 1,
      "mean_ms": 0.024587000007159077,
      "median_ms": 0.024587000007159077,
      "min_ms": 0.024587000007159077,
      "max_ms": 0.024587000007159077,
      "std_ms": 0.0,
      "p95_ms": 0.024587000007159077,
      "p99_ms": 0.024587000007159077
    },
    "version_evolution": {
      "count": 1,
      "mean_ms": 0.0014940000255592167,
      "median_ms": 0.0014940000255592167,
      "min_ms": 0.0014940000255592167,
      "max_ms": 0.0014940000255592167,
      "std_ms": 0.0,
      "p95_ms": 0.0014940000255592167,
      "p99_ms": 0.0014940000255592167
    }
  }
}