{
  "metadata": {
    "memory_estimate_kb": 0.8984375
  },
  "results": {
    "state_creation": {
      "count": 1,
      "mean_ms": 0.0004939000009471783,
      "median_ms": 0.0004939000009471783,
      "min_ms": 0.0004939000009471783,
      "max_ms": 0.0004939000009471783,
      "std_ms": 0.0,
      "p95_ms": 0.0004939000009471783,
      "p99_ms": 0.0004939000009471783
    },
    "state_transform": {
      "count": 1,
      "mean_ms": 0.0012199999982840382,
      "median_ms": 0.0012199999982840382,
      "min_ms": 0.0012199999982840382,
      "max_ms": 0.0012199999982840382,
      "std_ms": 0.0,
      "p95_ms": 0.0012199999982840382,
      "p99_ms": 0.0012199999982840382
    },
    "pattern_recognition": {
      "count": 1,
      "mean_ms": 0.0003909999941242859,
      "median_ms": 0.0003909999941242859,
      "min_ms": 0.0003909999941242859,
      "max_ms": 0.0003909999941242859,
      "std_ms": 0.0,
      "p95_ms": 0.0003909999941242859,
      "p99_ms": 0.0003909999941242859
    },
    "context_evolution": {
      "count": 1,
      "mean_ms": 0.000690799999574665,
      "median_ms": 0.000690799999574665,
      "min_ms": 0.000690799999574665,
      "max_ms": 0.000690799999574665,
      "std_ms": 0.0,
      "p95_ms": 0.000690799999574665,
      "p99_ms": 0.000690799999574665
    },
    "bridge_transfer": {
      "count": 1,
      "mean_ms": 0.008283200000732904,
      "median_ms": 0.008283200000732904,
      "min_ms": 0.008283200000732904,
      "max_ms": 0.008283200000732904,
      "std_ms": 0.0,
      "p95_ms": 0.008283200000732904,
      "p99_ms": 0.008283200000732904
    },
    "sensory_processing": {
      "count": 1,
      "mean_ms": 0.009079100000235485,
      "median_ms": 0.009079100000235485,
      "min_ms": 0.009079100000235485,
      "max_ms": 0.009079100000235485,
      "std_ms": 0.0,
      "p95_ms": 0.009079100000235485,
      "p99_ms": 0.009079100000235485
    },
    "full_pipeline": {
      "count": 1,
      "mean_ms": 0.007913999997981591,
      "median_ms": 0.007913999997981591,
      "min_ms": 0.007913999997981591,
      "max_ms": 0.007913999997981591,
      "std_ms": 0.0,
      "p95_ms": 0.007913999997981591,
      "p99_ms": 0.007913999997981591
    },
    "version_evolution": {
      "count": 1,
      "mean_ms": 0.0004360000093583949,
      "median_ms": 0.0004360000093583949,
      "min_ms": 0.0004360000093583949,
      "max_ms": 0.0004360000093583949,
      "std_ms": 0.0,
      "p95_ms": 0.0004360000093583949,
      "p99_ms": 0.0004360000093583949
    }
  }
}