{
  "state_creation": {
    "count": 1,
    "mean_ms": 0.0004746999984490685,
    "median_ms": 0.0004746999984490685,
    "min_ms": 0.0004746999984490685,
    "max_ms": 0.0004746999984490685,
    "std_ms": 0.0,
    "p95_ms": 0.0004746999984490685,
    "p99_ms": 0.0004746999984490685
  },
  "state_transform": {
    "count": 1,
    "mean_ms": 0.0011340000055497512,
    "median_ms": 0.0011340000055497512,
    "min_ms": 0.0011340000055497512,
    "max_ms": 0.0011340000055497512,
    "std_ms": 0.0,
    "p95_ms": 0.0011340000055497512,
    "p99_ms": 0.0011340000055497512
  },
  "pattern_recognition": {
    "count": 1,
    "mean_ms": 0.0002559999848017469,
    "median_ms": 0.0002559999848017469,
    "min_ms": 0.0002559999848017469,
    "max_ms": 0.0002559999848017469,
    "std_ms": 0.0,
    "p95_ms": 0.0002559999848017469,
    "p99_ms": 0.0002559999848017469
  },
  "context_evolution": {
    "count": 1,
    "mean_ms": 0.00044920000073034316,
    "median_ms": 0.00044920000073034316,
    "min_ms": 0.00044920000073034316,
    "max_ms": 0.00044920000073034316,
    "std_ms": 0.0,
    "p95_ms": 0.00044920000073034316,
    "p99_ms": 0.00044920000073034316
  },
  "bridge_transfer": {
    "count": 1,
    "mean_ms": 0.007277800003066659,
    "median_ms": 0.007277800003066659,
    "min_ms": 0.007277800003066659,
    "max_ms": 0.007277800003066659,
    "std_ms": 0.0,
    "p95_ms": 0.007277800003066659,
    "p99_ms": 0.007277800003066659
  },
  "sensory_processing": {
    "count": 1,
    "mean_ms": 0.005813300002046162,
    "median_ms": 0.005813300002046162,
    "min_ms": 0.005813300002046162,
    "max_ms": 0.005813300002046162,
    "std_ms": 0.0,
    "p95_ms": 0.005813300002046162,
    "p99_ms": 0.005813300002046162
  },
  "full_pipeline": {
    "count": 1,
    "mean_ms": 0.0076730000000679865,
    "median_ms": 0.0076730000000679865,
    "min_ms": 0.0076730000000679865,
    "max_ms": 0.0076730000000679865,
    "std_ms": 0.0,
    "p95_ms": 0.0076730000000679865,
    "p99_ms": 0.0076730000000679865
  },
  "version_evolution": {
    "count": 1,
    "mean_ms": 0.0004320000152802095,
    "median_ms": 0.0004320000152802095,
    "min_ms": 0.0004320000152802095,
    "max_ms": 0.0004320000152802095,
    "std_ms": 0.0,
    "p95_ms": 0.0004320000152802095,
    "p99_ms": 0.0004320000152802095
  }
}
